<?xml version="1.0" encoding="UTF-8"?>
<jcr:root xmlns:jcr="http://www.jcp.org/jcr/1.0" xmlns:nt="http://www.jcp.org/jcr/nt/1.0" xmlns:granite="http://www.adobe.com/jcr/granite/1.0" xmlns:cq="http://www.day.com/jcr/cq/1.0" xmlns:sling="http://sling.apache.org/jcr/sling/1.0"
    jcr:primaryType="nt:unstructured"
    jcr:title="Teaser"
    sling:resourceType="cq/gui/components/authoring/dialog"
    extraClientlibs="[core.wcm.components.teaser.v2.editor,core.wcm.components.image.v3.editor]"
    helpPath="https://www.adobe.com/go/aem_cmp_teaser_v2"
    trackingFeature="core-components:teaser:v2">
    <content
        granite:class="cmp-teaser__editor cmp-image__editor"
        jcr:primaryType="nt:unstructured"
        sling:resourceType="granite/ui/components/coral/foundation/container">
        <items jcr:primaryType="nt:unstructured">
            <tabs
                jcr:primaryType="nt:unstructured"
                sling:resourceType="granite/ui/components/coral/foundation/tabs">
                <items jcr:primaryType="nt:unstructured">
                    <actions
                        jcr:primaryType="nt:unstructured"
                        jcr:title="Bonsai Config"
                        sling:resourceType="granite/ui/components/coral/foundation/container"
                        margin="{Boolean}true">
                        <items jcr:primaryType="nt:unstructured">
                            <columns
                                jcr:primaryType="nt:unstructured"
                                sling:resourceType="granite/ui/components/coral/foundation/fixedcolumns"
                                margin="{Boolean}true">
                                <items jcr:primaryType="nt:unstructured">
                                    <column
                                        jcr:primaryType="nt:unstructured"
                                        sling:resourceType="granite/ui/components/coral/foundation/container">
                                        <items jcr:primaryType="nt:unstructured">
                                            <actions
                                                jcr:primaryType="nt:unstructured"
                                                sling:resourceType="granite/ui/components/coral/foundation/form/multifield"
                                                composite="{Boolean}true"
                                                fieldDescription="Add drop down and url combination"
                                                fieldLabel="Bonsai  Config">
                                                <field
                                                    jcr:primaryType="nt:unstructured"
                                                    sling:resourceType="granite/ui/components/coral/foundation/container"
                                                    name="./bonsaimapping">
                                                    <items jcr:primaryType="nt:unstructured">
                                                        <select-one
                                                            jcr:primaryType="nt:unstructured"
                                                            sling:resourceType="granite/ui/components/coral/foundation/form/select"
                                                            fieldLabel="Select Role"
                                                            name="./bonsairole">
                                                            <datasource
                                                                jcr:primaryType="nt:unstructured"
                                                                sling:resourceType="acs-commons/components/utilities/genericlist/datasource"
                                                                path="/etc/acs-commons/lists/bonsairole"/>
                                                        </select-one>
                                                        <select-two
                                                            jcr:primaryType="nt:unstructured"
                                                            sling:resourceType="granite/ui/components/coral/foundation/form/select"
                                                            fieldLabel="Choose an Option"
                                                            name="./bonsaioption">
                                                            <datasource
                                                                jcr:primaryType="nt:unstructured"
                                                                sling:resourceType="acs-commons/components/utilities/genericlist/datasource"
                                                                path="/etc/acs-commons/lists/bonsaioption"/>
                                                        </select-two>
                                                        <link
                                                            granite:class="cmp-teaser__editor-actionField-linkUrl"
                                                            jcr:primaryType="nt:unstructured"
                                                            sling:resourceType="cq/gui/components/coral/common/form/pagefield"
                                                            emptyText="Configure Link"
                                                            fieldLabel="Configure Link"
                                                            name="./link"
                                                            rootPath="/content">
                                                            <granite:data
                                                                jcr:primaryType="nt:unstructured"
                                                                cmp-teaser-v2-dialog-edit-hook="actionLink"/>
                                                        </link>
                                                    </items>
                                                </field>
                                            </actions>
                                        </items>
                                    </column>
                                </items>
                            </columns>
                        </items>
                    </actions>
                </items>
            </tabs>
        </items>
    </content>
</jcr:root>
